time_s,Tc_K
0.000000000,1838.713656176
0.000638962,1837.996834230
0.004989643,1837.403489236
0.006019111,1838.176955558
0.008394368,1837.518687542
0.009571909,1838.295634114
0.011401987,1837.619593442
0.012749914,1838.401616016
0.014269182,1837.715800907
0.015832246,1838.504412481
0.017137061,1837.811774089
0.018996233,1838.609871520
0.020136168,1837.912212389
0.022454044,1838.725195235
0.023455776,1838.023395183
0.026643485,1838.865103194
0.027516951,1838.159490165
0.033409051,1839.090992618
0.034132881,1838.381587684
0.049529269,1838.163453011
0.050907138,1838.946840270
0.052426037,1838.263044535
0.054031191,1839.050105351
0.055335495,1838.361168198
0.057256912,1839.157207835
0.058395233,1838.463843197
0.060817269,1839.275554581
0.061815489,1838.578371024
0.065230929,1839.422882266
0.066096950,1838.721857399
0.073115318,1839.686216825
0.073815662,1838.980911578
0.081592655,1838.512398488
0.082680062,1839.278231787
0.084960668,1838.626277389
0.086208751,1839.395910748
0.087992891,1838.728084707
0.089431439,1839.503337331
0.090920437,1838.826089788
0.092606723,1839.609059774
0.093887459,1838.925316378
0.095929495,1839.719844655
0.097046869,1839.031020035
0.099679759,1839.844743787
0.100656665,1839.151844913
0.104588701,1840.008537613
0.105427562,1839.311691689
0.116731668,1840.414548361
0.117353270,1839.712111347
0.120419084,1839.090693204
0.121566974,1839.852773130
0.123690182,1839.200703993
0.125010225,1839.967545579
0.126708600,1839.301723147
0.128239710,1840.075139898
0.129670329,1839.400763670
0.131485629,1840.183288356
0.132720871,1839.502828166
0.134964552,1840.299125796
0.136042271,1839.613878901
0.139060578,1840.435590256
0.139997682,1839.746281921
0.145122639,1840.637708964
0.145908079,1839.944261868
0.194364826,1841.276417779
0.195236428,1840.597924260
0.206071791,1841.681177254
0.206719602,1840.986125347
0.210066265,1840.376983679
0.211236043,1841.135437128
0.213456460,1840.495202722
0.214810284,1841.253940359
0.216565018,1840.600238206
0.218144276,1841.364574653
0.219612475,1840.702333480
0.221498345,1841.476031376
0.222759646,1840.807610482
0.225117421,1841.596325375
0.226212418,1840.922972219
0.229460909,1841.740927351
0.230406341,1841.063197905
0.236408105,1841.972467528
0.237184012,1841.290101645
0.253398442,1841.123062455
0.254959626,1841.887952549
0.256476855,1841.228821541
0.258339772,1841.998977727
0.259637766,1841.335328289
0.261958318,1842.118664380
0.263082360,1841.450557414
0.266248028,1842.261154707
0.267217932,1841.588813682
0.272840344,1842.480368643
0.273641422,1841.803659292
0.300998626,1842.015338242
0.304552055,1842.852561027
0.305489442,1842.171745970
0.313105960,1843.117076245
0.313851391,1842.448674153
0.320758798,1841.992487540
0.321942765,1842.718961989
0.324374536,1842.106448750
0.325750579,1842.846449540
0.327617328,1842.213116531
0.329229639,1842.962502329
0.330770486,1842.317825330
0.332706026,1843.078156708
0.334018494,1842.426023366
0.336457325,1843.202815876
0.337589061,1842.545086309
0.341003124,1843.353931803
0.341973096,1842.691366878
0.348678405,1843.609336404
0.349459788,1842.941607925
0.359823094,1842.592745017
0.361122498,1843.331793648
0.363214855,1842.707752645
0.364734169,1843.451451216
0.366416198,1842.814945625
0.368222485,1843.567164910
0.369637084,1842.922470377
0.371865925,1843.687936782
0.373079352,1843.037318240
0.376049946,1843.826785087
0.377093117,1843.171128786
0.381944918,1844.022626777
0.382815913,1843.362110414
0.410948981,1844.687223707
0.411590281,1844.024115784
0.414122929,1843.423645825
0.415534676,1844.155306697
0.417453843,1843.534318782
0.419118059,1844.274324051
0.420691959,1843.641983386
0.422705617,1844.393463516
0.424039683,1843.753403218
0.426610856,1844.523057114
0.427755342,1843.877199387
0.431466126,1844.684142861
0.432438862,1844.033274900
0.440844058,1844.995595379
0.441598195,1844.338986934
0.447296517,1843.846126504
0.448523476,1844.569588537
0.451043653,1843.972046778
0.452483656,1844.700914660
0.454397840,1844.083971892
0.456101424,1844.820844084
0.457671651,1844.193008519
0.459744711,1844.941598258
0.461074708,1844.306254887
0.463749962,1845.074222918
0.464888697,1844.433210346
0.468853903,1845.243437106
0.469816313,1844.597304747
0.480330087,1845.624527913
0.481043944,1844.971861182
0.484847519,1844.421209169
0.486135971,1845.140974675
0.488495456,1844.543047240
0.490010787,1845.269442270
0.491843326,1844.654556453
0.493649615,1845.389953562
0.495165160,1844.765106082
0.497395541,1845.514019546
0.498682311,1844.882153941
0.501649408,1845.654760860
0.502748074,1845.017389457
0.507545565,1845.850277502
0.508459095,1845.207553308
0.533962364,1846.531426629
0.534592480,1845.883973625
0.536742906,1845.286504420
0.538384456,1846.009730827
0.540099644,1845.397889306
0.542084492,1846.132273280
0.543517378,1845.511310766
0.546038185,1846.263182301
0.547257010,1845.635534438
0.550833851,1846.421905254
0.551865825,1845.788768125
0.559258908,1846.700532505
0.560071979,1846.061734507
0.568286155,1845.668473108
0.569614754,1846.379150316
0.571998722,1845.792753821
0.573570056,1846.509928423
0.575416191,1845.906548124
0.577303775,1846.633374061
0.578826413,1846.019863708
0.581187058,1846.761666328
0.582475313,1846.141029724
0.585699434,1846.910751933
0.586792364,1846.284354627
0.592473545,1847.135068927
0.593363782,1846.502794993
0.628786676,1847.015607186
0.668479224,1848.359686578
0.669797356,1847.349656744
0.672369797,1848.226191937
0.673591799,1847.529485368
0.677424422,1848.330423656
0.678469241,1847.699523664
0.687545538,1848.638174171
0.688341226,1848.022956400
0.693597011,1847.560465732
0.694951770,1848.242239021
0.697510091,1847.683589666
0.699122376,1848.380712579
0.701057449,1847.799414505
0.703007754,1848.509257021
0.704585861,1847.915657540
0.707050207,1848.642754737
0.708374621,1848.040854908
0.711811114,1848.799835812
0.712924881,1848.191372600
0.719453401,1849.052014564
0.720340676,1848.437100764
0.734320442,1848.254024595
0.736032099,1848.958611061
0.737863389,1848.373929838
0.739960867,1849.087098510
0.741468950,1848.493935779
0.744186322,1849.225725158
0.745453923,1848.626011487
0.749485679,1849.399654913
0.750542112,1848.794344717
0.761072254,1849.781651346
0.761846462,1849.168747315
0.765925067,1848.664138980
0.767350522,1849.350234160
0.769792866,1848.792640032
0.771501575,1849.486858378
0.773378592,1848.911293818
0.775471597,1849.617379544
0.777009091,1849.031344564
0.779717868,1849.756975314
0.781006403,1849.163326535
0.785010593,1849.931086252
0.786082822,1849.331121527
0.796278915,1850.301632694
0.797068895,1849.694410623
0.801413196,1849.203939919
0.802844200,1849.884746606
0.805335101,1849.333869468
0.807054086,1850.023239304
0.808956255,1849.453388922
0.811065976,1850.155141228
0.812619139,1849.574292571
0.815357527,1850.296083345
0.816656207,1849.707586731
0.820732089,1850.472683830
0.821809747,1849.877744694
0.832629723,1850.863672427
0.833412525,1850.261127412
0.837381678,1849.762708059
0.838854971,1850.440237564
0.841281266,1849.891937871
0.843057065,1850.578264881
0.844925143,1850.012148606
0.847120811,1850.711604249
0.848649549,1850.135074746
0.851543702,1850.856660480
0.852820371,1850.272579603
0.857313417,1851.045902392
0.858364183,1850.455399380
0.875268362,1851.635656160
0.875946093,1851.035836255
0.878124887,1850.484508462
0.880071847,1851.171202373
0.881798978,1850.605646721
0.884263160,1851.308483348
0.885690363,1850.733859902
0.889117558,1851.467598765
0.890305922,1850.885894623
0.896690923,1851.715608476
0.897633346,1851.127263963
0.914881011,1851.075118439
0.917036642,1851.769319826
0.918635616,1851.201151168
0.921460424,1851.912672082
0.922789026,1851.338605029
0.927081691,1852.095649631
0.928175227,1851.515956898
0.941297444,1852.561187330
0.942052693,1851.973008304
0.945104823,1851.459261542
0.946765928,1852.127392654
0.948923877,1851.585165709
0.950959958,1852.264600275
0.952672743,1851.708512754
0.955286776,1852.405968529
0.956699475,1851.840905469
0.960458042,1852.575004008
0.961626281,1852.002745592
0.969715405,1852.877708376
0.970607357,1852.298011554
0.977954444,1851.929343965
0.979467145,1852.588980321
0.982022900,1852.064044743
0.983863195,1852.732673067
0.985797769,1852.188218643
0.988098647,1852.871048258
0.989666810,1852.315311825
0.992759698,1853.023192249
0.994057691,1852.459512374
0.999130734,1853.231064815
1.000181427,1852.660537990
1.029259421,1853.984037165
1.029961107,1853.407537490
1.032181375,1852.880011658
1.034260080,1853.547958943
1.036007954,1853.005301848
1.038696874,1853.692692658
1.040130530,1853.140307091
1.044061366,1853.867436776
1.045239271,1853.307623488
1.054426166,1854.205418228
1.055302122,1853.637458360
1.060922097,1853.223899732
1.062460851,1853.871543151
1.065086735,1853.360909699
1.066969104,1854.018489853
1.068938177,1853.487238716
1.071308634,1854.159757574
1.072896346,1853.616856856
1.076125902,1854.316532864
1.077432940,1853.765289974
1.082953573,1854.538613418
1.083998842,1853.980101307
1.128686821,1855.311077012
1.129633425,1854.760865164
1.138407432,1854.470917749
1.140058268,1855.099967986
1.142521478,1854.600361181
1.144557163,1855.247067075
1.146439574,1854.726662035
1.149058780,1855.393871510
1.150582543,1854.861271446
1.154341924,1855.565746670
1.155587559,1855.024365226
1.163518435,1855.863694005
1.164464357,1855.313938869
1.172650627,1854.999072320
1.174292243,1855.634418004
1.176817176,1855.136009531
1.178847049,1855.782128717
1.180762850,1855.264986247
1.183376106,1855.928737471
1.184921923,1855.400649958
1.188668179,1856.100143656
1.189929572,1855.563803922
1.197760579,1856.394530035
1.198719045,1855.850154420
1.207286198,1855.552417093
1.208961248,1856.183621339
1.211457546,1855.689485723
1.213536604,1856.331639525
1.215436502,1855.819332026
1.218133965,1856.480302752
1.219666612,1855.957012537
1.223608379,1856.657313126
1.224854451,1856.125791151
1.233924680,1856.990746629
1.234846139,1856.450734912
1.240868565,1856.075523371
1.242504121,1856.699374466
1.245158259,1856.215615187
1.247187268,1856.850837815
1.249167979,1856.346240411
1.251783560,1856.999230197
1.253370100,1856.482811098
1.257119669,1857.171489321
1.258408685,1856.646449462
1.266212062,1857.465204800
1.267188929,1856.931580374
1.276013638,1856.651403364
1.277737956,1857.274091665
1.280222243,1856.789358940
1.282376596,1857.423687910
1.284268269,1856.921104338
1.287099024,1857.575824455
1.288621628,1857.062403460
1.292892643,1857.762535009
1.294121340,1857.240798294
1.306066634,1858.187284092
1.306920546,1857.655884582
1.310674370,1857.217373913
1.312463593,1857.834905893
1.314862783,1857.353423185
1.317112280,1857.984743617
1.318955552,1857.486171934
1.321958305,1858.140763093
1.323443471,1857.631510374
1.328184990,1858.341145285
1.329373639,1857.823514726
1.349545041,1859.028831318
1.350250683,1858.499479467
1.352180496,1858.008723001
1.355055315,1858.653901173
1.356600351,1858.151645296
1.360982719,1858.844325885
1.362222935,1858.333344730
1.375374679,1859.306905180
1.376213232,1858.785596146
1.379517527,1858.342849459
1.381438488,1858.953660091
1.383696794,1858.478098012
1.386149442,1859.104950865
1.387907439,1858.614089771
1.391305961,1859.270337619
1.392721269,1858.769487010
1.398795856,1859.510493863
1.399898956,1859.001043308
1.434822325,1859.578293757
1.450031807,1859.639704799
1.452511629,1860.071786943
1.454418971,1859.718029591
1.457776043,1860.270340989
1.459270528,1859.843799576
1.465010115,1860.535949030
1.466163833,1860.055988129
1.510513730,1861.394983340
1.511619567,1860.829405025
1.539585469,1860.856153742
1.543333653,1862.213449729
1.544878218,1861.078758295
1.548087295,1861.891622197
1.549547962,1861.300498851
1.555251497,1862.035151409
1.556419603,1861.531727558
1.608750880,1862.843936941
1.609747155,1862.472766166
1.615119982,1862.294311698
1.617092269,1862.696225338
1.619758676,1862.370014042
1.622264088,1862.873081306
1.624220698,1862.480064696
1.627682288,1863.059934331
1.629211923,1862.625383297
1.635398552,1863.320332850
1.636566939,1862.855904812
1.671173386,1863.479641899
1.683480786,1863.166204375
1.685506810,1863.986108539
1.687661271,1863.442834766
1.690467114,1864.100392971
1.692181720,1863.618536545
1.696483267,1864.263239496
1.697849422,1863.805015501
1.709736956,1864.655166875
1.710675356,1864.203932247
1.714738567,1863.852848316
1.716768646,1864.395187940
1.719255439,1863.991233299
1.721910226,1864.557088890
1.723785095,1864.131847325
1.727624329,1864.737079693
1.729097081,1864.297953895
1.737147881,1865.037362359
1.738232879,1864.585278819
1.747303639,1864.384771018
1.749322977,1864.934151039
1.751860471,1864.528537750
1.754504058,1865.096595201
1.756406274,1864.671505999
1.760223606,1865.275867911
1.761714412,1864.838518991
1.769632610,1865.570853204
1.770732266,1865.122327994
1.780333242,1864.940663218
1.782404750,1865.489745673
1.784894140,1865.085246024
1.787625056,1865.653056460
1.789498685,1865.230434626
1.793517236,1865.837168812
1.794982402,1865.402993834
1.804132791,1866.169180264
1.805184756,1865.723832145
1.811836051,1865.453112090
1.813808617,1865.994625206
1.816519284,1865.601349830
1.819098077,1866.159998762
1.821089239,1865.745386300
1.824768411,1866.336834188
1.826319161,1865.909797943
1.833500267,1866.609163570
1.834657095,1866.171557805
1.848543243,1866.131161306
1.851067004,1866.688328805
1.853118790,1866.277259234
1.856687638,1866.862482369
1.858279822,1866.440102715
1.864956578,1867.118704180
1.866154217,1866.687040387
1.886575396,1866.852764012
1.890578936,1867.463646443
1.892079638,1867.032142048
1.901156984,1867.780642750
1.902234261,1867.350465246
1.909118118,1867.098544753
1.911152286,1867.628854691
1.913865288,1867.249556010
1.916553572,1867.796138289
1.918541664,1867.396521506
1.922468452,1867.978984600
1.924007090,1867.567377333
1.932496344,1868.289091283
1.933608679,1867.866685384
1.941768974,1867.661928886
1.943865953,1868.186134210
1.946507923,1867.811091269
1.949299587,1868.354220981
1.951248191,1867.959274884
1.955417225,1868.543088135
1.956921915,1868.136072707
1.967085564,1868.902818804
1.968134590,1868.484574434
1.973655317,1868.203916432
1.975741825,1868.720409471
1.978445692,1868.353534082
1.981224003,1868.889638857
1.983203345,1868.501600811
1.987341111,1869.078232811
1.988865358,1868.677410793
1.998757641,1869.430111793
1.999824240,1869.017371830
2.005670070,1868.751157132
2.007768716,1869.263048853
2.010490461,1868.901741168
2.013293018,1869.433168820
2.015279860,1869.050515082
2.019477583,1869.623287867
2.021003774,1869.227895418
2.031351860,1869.987785432
2.032408038,1869.580641175
2.037799991,1869.305903794
2.039934597,1869.812715760
2.042632280,1869.456147626
2.045497426,1869.983565854
2.047469779,1869.606077451
2.051823369,1870.177363694
2.053334439,1869.787242268
2.065071772,1870.582946016
2.066086083,1870.180513176
2.070452574,1869.880011641
2.072698538,1870.383563924
2.075256595,1870.028718157
2.078314457,1870.555573520
2.080208421,1870.181567936
2.085077115,1870.762166361
2.086520479,1870.375939749
2.106333509,1871.410774598
2.107159430,1871.010197937
2.109352204,1870.650518750
2.113119290,1871.192120072
2.114783528,1870.817438562
2.122323721,1871.472513421
2.123536709,1871.085994498
2.135817590,1871.035979195
2.138383150,1871.542674015
2.140635135,1871.186346798
2.144313786,1871.722366636
2.146015832,1871.352266346
2.153130695,1871.989302427
2.154379552,1871.608585223
2.170178630,1871.668508267
2.173321093,1872.192933432
2.175226010,1871.827620995
2.180358501,1872.403341013
2.181799027,1872.030197643
2.210407922,1873.303878852
2.211113692,1872.920397840
2.212593105,1872.559627485
2.234041894,1873.613479860
2.234856939,1873.235698553
2.236890106,1872.893745391
2.241560080,1873.437539185
2.243092992,1873.082038834
2.258568328,1873.948893752
2.259512134,1873.579319345
2.262531706,1873.271263310
2.265410380,1873.756736272
2.267528313,1873.422888262
2.271928959,1873.952436793
2.273522009,1873.604258753
2.285530552,1874.359722162
2.286580763,1873.998498129
2.290920971,1873.735148204
2.293345943,1874.201750290
2.295897666,1873.886010602
2.299310756,1874.380435091
2.301183912,1874.045687348
2.307193503,1874.616047502
2.308579919,1874.268547646
2.360194602,1875.596898620
2.361386470,1875.262665776
2.368906643,1875.119814633
2.371279874,1875.555716108
2.374002077,1875.267656986
2.377324344,1875.735932734
2.379284633,1875.423395592
2.384967465,1875.963539810
2.386415683,1875.635202847
2.427051230,1876.948684231
2.427911800,1876.608050432
2.430102957,1876.305674829
2.434687763,1876.807351520
2.436313198,1876.490534819
2.450294894,1877.265894096
2.451314201,1876.935180105
2.454854121,1876.677632651
2.457657032,1877.121931632
2.459976807,1876.830003362
2.464212238,1877.314362509
2.465923637,1877.006192144
2.476317102,1877.669074219
2.477470235,1877.347315817
2.483171973,1877.157940124
2.485614870,1877.587078990
2.488346458,1877.311911182
2.491822563,1877.768801810
2.493780135,1877.472724674
2.500022908,1878.008079065
2.501447772,1877.698740601
2.552504898,1878.836702629
2.554488445,1878.574347931
2.560953206,1879.085856726
2.562380986,1878.799746265
2.597661532,1879.510335528
2.604316636,1879.310548657
2.606778662,1879.784248960
2.609535903,1879.492110210
2.613099366,1879.962812025
2.615068949,1879.665867596
2.621713219,1880.203643494
2.623131837,1879.906036877
2.650047703,1880.321778227
2.669865236,1881.618953877
2.670818637,1881.077080379
2.673759597,1880.520508811
2.676755107,1881.189559391
2.678895089,1880.775376441
2.683910175,1881.351155510
2.685511430,1881.005593010
2.709845988,1881.985899835
2.710677922,1881.713969402
2.712543280,1881.471348366
2.721949280,1882.034759975
2.723209868,1881.772686507
2.730462150,1881.680246449
2.733095532,1882.052254169
2.735845696,1881.832455916
2.739742071,1882.239736374
2.741684752,1881.997824431
2.749799203,1882.522739220
2.751144612,1882.265556008
2.761906392,1882.272457444
2.764833957,1882.653682909
2.767301047,1882.427034009
2.771883288,1882.851136327
2.773652994,1882.607624740
2.787295042,1883.280824305
2.788389094,1883.023297177
2.792196593,1882.840521734
2.795253647,1883.215719790
2.797645411,1882.994987173
2.802570054,1883.419670977
2.804284153,1883.182166629
2.823463819,1884.000057489
2.824411436,1883.746496342
2.826878722,1883.534150006
2.831630075,1883.946807488
2.833390806,1883.716951200
2.849303535,1884.435018245
2.850338810,1884.189866382
2.853451849,1884.001070719
2.857066334,1884.376030460
2.859182619,1884.161459935
2.865982478,1884.621710398
2.867468869,1884.392274984
2.892351692,1884.804545286
2.908409045,1885.615029196
2.909432891,1885.324602114
2.912462410,1885.078777497
2.916125817,1885.505826125
2.918211183,1885.259585740
2.925334050,1885.748368034
2.926795996,1885.508255501
2.945165796,1885.709350019
2.950249513,1886.235978904
2.951933701,1885.940418161
2.978160679,1886.894701347
2.978992906,1886.675778705
2.980752473,1886.480795941
3.003177639,1887.321301174
3.004082584,1887.110868874
3.006180496,1886.931338341
3.014152062,1887.379037475
3.015581491,1887.184896900
3.027478700,1887.267826258
3.030835007,1887.597619446
3.033194659,1887.425282944
3.039068118,1887.815457590
3.040719485,1887.629245795
3.088964709,1888.926217399
3.089834304,1888.740768928
3.091713301,1888.581080658
3.107448048,1889.200340598
3.108536127,1889.023063306
3.111783372,1888.901120199
3.115693915,1889.209770241
3.117844797,1889.060878076
3.126034463,1889.477863262
3.127480882,1889.313543079
3.138571071,1889.397316754
3.141923241,1889.693188119
3.144373846,1889.552338700
3.150247373,1889.907938991
3.151942508,1889.751807776
3.200768016,1891.033157127
3.201616729,1890.876367551
3.203360136,1890.741479067
3.249591113,1892.003013311
3.250339824,1891.855500245
3.251701284,1891.722379883
3.258535273,1891.723957838
3.261632123,1891.973170417
3.264395961,1891.874872327
3.269520120,1892.169439537
3.271399475,1892.052911773
3.294713739,1892.789498563
3.295643716,1892.658912652
3.297712845,1892.555125190
3.309559236,1892.998841581
3.310837246,1892.881651876
3.315844544,1892.853667930
3.319148260,1893.086572649
3.321789072,1893.003297413
3.327537320,1893.290647643
3.329327437,1893.190713712
3.377696764,1894.428906359
3.378435285,1894.321446074
3.379736623,1894.226362320
3.384878266,1894.220119579
3.388240757,1894.430701288
3.390898147,1894.368588718
3.396854984,1894.634084742
3.398641773,1894.556331956
3.451423043,1895.796055950
3.452270182,1895.720303551
3.453918354,1895.661577824
3.474070565,1896.018250398
3.482823968,1896.392005617
3.484309753,1896.283548295
3.493618441,1896.346365956
3.497035878,1896.610414662
3.499652751,1896.516542242
3.505895031,1896.817420432
3.507649807,1896.723802489
3.570616860,1898.013986035
3.571764356,1898.022809660
3.574863734,1898.068428519
3.580236195,1898.193367424
3.582245297,1898.223011504
3.613373202,1898.838143491
3.614220906,1898.863540770
3.615804898,1898.901103889
3.626052245,1899.097005200
3.629920928,1899.190791535
3.632480826,1899.234640503
3.640536508,1899.396138484
3.642180083,1899.433883460
3.655112204,1899.676295477
3.659606735,1899.805007255
3.661873542,1899.826619505
3.674301712,1900.092860011
3.675647125,1900.115014086
3.680490270,1900.198999730
3.684350169,1900.290135627
3.686940414,1900.339017065
3.694993606,1900.491813719
3.696650288,1900.538186688
3.709598067,1900.780364732
3.714158045,1900.914427749
3.716416381,1900.935243439
3.729610992,1901.212409125
3.730927533,1901.239397938
3.735347449,1901.318473827
3.739440042,1901.407918106
3.741931996,1901.461939499
3.751301973,1901.625598897
3.752858238,1901.682880691
3.761242977,1901.850234228
3.764995866,1901.926599161
3.767701159,1901.991450336
3.775306680,1902.113439330
3.777034102,1902.180436026
3.793311808,1902.479778639
3.799447796,1902.703953367
3.801316867,1902.678796595
3.870759226,1903.962816225
3.871641524,1904.063376193
3.873278334,1904.169944448
3.883032584,1904.381216990
3.887095560,1904.439062200
3.889685078,1904.525788866
3.898995601,1904.634906860
3.900596160,1904.736505467
3.909179517,1904.927669740
3.913109637,1904.976870310
3.915792501,1905.071663440
3.924370967,1905.158951968
3.926043208,1905.269044234
3.936726948,1905.491280089
3.941000244,1905.570375054
3.943488371,1905.643690040
3.954313269,1905.791040372
3.955808013,1905.885552956
3.962024094,1906.037716526
3.965946831,1906.072634274
3.968670940,1906.181733890
3.977250598,1906.246431489
3.978940220,1906.375312621
3.989661306,1906.603416622
3.994008674,1906.675866744
3.996488515,1906.757552642
4.007970403,1906.898627338
4.009436539,1907.007054325
4.015045755,1907.160311215
4.019121741,1907.177730750
4.021795557,1907.304028858
4.031294280,1907.350518381
4.032923017,1907.504818698
4.041204758,1907.716041815
4.045274390,1907.725405961
4.047970233,1907.859634467
4.057454079,1907.892575467
4.059092787,1908.057615197
4.067422483,1908.273618885
4.071528812,1908.277521854
4.074219819,1908.417506038
4.083958902,1908.442959403
4.085584664,1908.617112204
4.093438989,1908.832583285
4.097546307,1908.822239434
4.100261381,1908.975217513
4.110028658,1908.979025363
4.111663932,1909.170277089
4.119499834,1909.393223447
4.123647137,1909.370558609
4.126362386,1909.535138488
4.136417485,1909.521021824
4.138041549,1909.729221678
4.145431556,1909.956804931
4.149608357,1909.912934964
4.152338773,1910.096600137
4.162619289,1910.050440424
4.164242165,1910.285289020
4.171347792,1910.523522632
4.175579618,1910.454113393
4.178315617,1910.660742753
4.189016175,1910.574315289
4.190627381,1910.843657785
4.197248366,1911.095614817
4.201568420,1910.990396073
4.204303080,1911.229324187
4.215721827,1911.082234006
4.217309817,1911.403366259
4.223258525,1911.678632842
4.227764272,1911.517749643
4.230469779,1911.807423473
4.243640536,1911.549118537
4.245164663,1911.965532316
4.249978242,1912.291152527
4.255122770,1912.017800715
4.257674566,1912.413487552
4.282306848,1911.728691966
4.283502679,1912.465165896
4.285840754,1913.033420200
